date,CPI,Home Price Index,Federal Funds Rate,GDP,Housing Starts,Crude Oil Prices,Median Household Income,Population,Unemployment Rate,Building Permits
1987-01-01,111.4,63.965,6.43,4863.39,1774.0,18.65,4863.39,241784.0,6.6,1690.0
1987-02-01,111.8,64.423,6.1,4893.305666666667,1784.0,17.75,4893.305666666667,241930.0,6.6,1689.0
1987-03-01,112.2,64.735,6.13,4923.221333333333,1726.0,18.3,4923.221333333333,242079.0,6.6,1704.0
1987-04-01,112.7,65.131,6.37,4953.137,1614.0,18.68,4953.137,242252.0,6.3,1601.0
1987-05-01,113.0,65.563,6.85,4978.7643333333335,1628.0,19.44,4978.7643333333335,242423.0,6.3,1500.0
1987-06-01,113.5,66.071,6.73,5004.391666666666,1594.0,20.07,5004.391666666666,242608.0,6.2,1522.0
1987-07-01,113.8,66.507,6.58,5030.019,1575.0,21.34,5030.019,242804.0,6.1,1516.0
1987-08-01,114.3,66.938,6.73,5071.145666666667,1605.0,20.31,5071.145666666667,243012.0,6.0,1511.0
1987-09-01,114.7,67.331,7.22,5112.272333333333,1695.0,19.53,5112.272333333333,243223.0,5.9,1514.0
1987-10-01,115.0,67.73899999999999,7.29,5153.399,1515.0,19.86,5153.399,243446.0,6.0,1447.0
1987-11-01,115.4,68.108,6.69,5168.052333333334,1656.0,18.85,5168.052333333334,243639.0,5.8,1457.0
1987-12-01,115.6,68.506,6.77,5182.705666666667,1400.0,17.28,5182.705666666667,243809.0,5.7,1345.0
1988-01-01,116.0,68.857,6.83,5197.359,1271.0,17.13,5197.359,243981.0,5.7,1244.0
1988-02-01,116.2,69.26100000000001,6.58,5230.46,1473.0,16.8,5230.46,244131.0,5.7,1438.0
1988-03-01,116.5,69.637,6.58,5263.561000000001,1532.0,16.2,5263.561000000001,244279.0,5.7,1525.0
1988-04-01,117.2,69.976,6.87,5296.662,1573.0,17.86,5296.662,244445.0,5.4,1429.0
1988-05-01,117.5,70.426,7.09,5325.140666666667,1421.0,17.42,5325.140666666667,244610.0,5.6,1444.0
1988-06-01,118.0,70.889,7.51,5353.619333333333,1478.0,16.53,5353.619333333333,244806.0,5.4,1485.0
1988-07-01,118.5,71.355,7.75,5382.098,1467.0,15.5,5382.098,245021.0,5.4,1439.0
1988-08-01,119.0,71.8,8.01,5423.799666666667,1493.0,15.52,5423.799666666667,245240.0,5.6,1460.0
1988-09-01,119.5,72.241,8.19,5465.501333333334,1492.0,14.54,5465.501333333334,245464.0,5.4,1436.0
1988-10-01,119.9,72.63600000000001,8.3,5507.203,1522.0,13.77,5507.203,245693.0,5.4,1516.0
1988-11-01,120.3,73.072,8.35,5542.2080000000005,1569.0,14.14,5542.2080000000005,245884.0,5.3,1508.0
1988-12-01,120.7,73.465,8.76,5577.213,1563.0,16.38,5577.213,246056.0,5.3,1501.0
1989-01-01,121.2,73.947,9.12,5612.218,1621.0,18.02,5612.218,246224.0,5.4,1466.0
1989-02-01,121.6,74.383,9.36,5641.686333333333,1425.0,17.94,5641.686333333333,246378.0,5.2,1383.0
1989-03-01,122.2,74.779,9.85,5671.154666666666,1422.0,19.48,5671.154666666666,246530.0,5.0,1214.0
1989-04-01,123.1,75.085,9.84,5700.623,1339.0,21.07,5700.623,246721.0,5.2,1376.0
1989-05-01,123.7,75.306,9.81,5723.895333333333,1331.0,20.12,5723.895333333333,246906.0,5.2,1381.0
1989-06-01,124.1,75.48,9.53,5747.167666666666,1397.0,20.05,5747.167666666666,247114.0,5.3,1322.0
1989-07-01,124.5,75.656,9.24,5770.44,1427.0,19.78,5770.44,247342.0,5.2,1283.0
1989-08-01,124.5,75.834,8.99,5790.294,1332.0,18.58,5790.294,247573.0,5.2,1334.0
1989-09-01,124.8,76.056,9.02,5810.148,1279.0,19.59,5810.148,247816.0,5.3,1314.0
1989-10-01,125.4,76.283,8.84,5830.002,1410.0,20.1,5830.002,248067.0,5.3,1365.0
1989-11-01,125.9,76.521,8.55,5873.747,1351.0,19.86,5873.747,248281.0,5.4,1344.0
1989-12-01,126.3,76.705,8.45,5917.492,1251.0,21.1,5917.492,248479.0,5.4,1422.0
1990-01-01,127.5,76.89699999999999,8.23,5961.237,1551.0,22.86,5961.237,248659.0,5.4,1748.0
1990-02-01,128.0,77.053,8.24,5983.778333333334,1437.0,22.11,5983.778333333334,248827.0,5.3,1329.0
1990-03-01,128.6,77.20100000000001,8.28,6006.319666666666,1289.0,20.39,6006.319666666666,249012.0,5.2,1246.0
1990-04-01,128.9,77.278,8.26,6028.861,1248.0,18.43,6028.861,249306.0,5.4,1136.0
1990-05-01,129.1,77.297,8.18,6049.263666666667,1212.0,18.2,6049.263666666667,249565.0,5.4,1067.0
1990-06-01,129.9,77.258,8.29,6069.666333333334,1177.0,16.7,6069.666333333334,249849.0,5.2,1108.0
1990-07-01,130.5,77.139,8.15,6090.069,1171.0,18.45,6090.069,250132.0,5.5,1078.0
1990-08-01,131.6,77.009,8.13,6087.9890000000005,1115.0,27.31,6087.9890000000005,250439.0,5.7,1069.0
1990-09-01,132.5,76.84899999999999,8.2,6085.909,1110.0,33.51,6085.909,250751.0,5.9,976.0
1990-10-01,133.4,76.699,8.11,6083.829,1014.0,36.04,6083.829,251057.0,5.9,925.0
1990-11-01,133.7,76.37,7.81,6083.325333333333,1145.0,32.33,6083.325333333333,251346.0,6.2,941.0
1990-12-01,134.2,76.184,7.31,6082.821666666667,969.0,27.28,6082.821666666667,251626.0,6.3,861.0
1991-01-01,134.7,75.915,6.91,6082.318,798.0,25.23,6082.318,251889.0,6.4,786.0
1991-02-01,134.8,75.734,6.25,6104.895333333334,965.0,20.48,6104.895333333334,252135.0,6.6,853.0
1991-03-01,134.8,75.569,6.12,6127.472666666667,921.0,19.9,6127.472666666667,252372.0,6.8,911.0
1991-04-01,135.1,75.565,5.91,6150.05,1001.0,20.83,6150.05,252643.0,6.7,916.0
1991-05-01,135.6,75.764,5.78,6175.703666666667,996.0,21.23,6175.703666666667,252913.0,6.9,991.0
1991-06-01,136.0,75.992,5.9,6201.357333333333,1036.0,20.19,6201.357333333333,253207.0,6.9,964.0
1991-07-01,136.2,76.082,5.82,6227.011,1063.0,21.4,6227.011,253493.0,6.8,973.0
1991-08-01,136.6,76.109,5.66,6247.205333333333,1049.0,21.69,6247.205333333333,253807.0,6.9,944.0
1991-09-01,137.0,76.193,5.45,6267.399666666667,1015.0,21.89,6267.399666666667,254126.0,6.9,974.0
1991-10-01,137.2,76.074,5.21,6287.594,1079.0,23.23,6287.594,254435.0,7.0,991.0
1991-11-01,137.8,76.014,4.81,6319.609,1103.0,22.46,6319.609,254718.0,7.0,984.0
1991-12-01,138.2,76.056,4.43,6351.624,1079.0,19.5,6351.624,254964.0,7.3,1061.0
1992-01-01,138.3,76.087,4.03,6383.639,1176.0,18.79,6383.639,255214.0,7.3,1077.0
1992-02-01,138.6,76.156,4.06,6423.609666666667,1250.0,19.01,6423.609666666667,255448.0,7.4,1146.0
1992-03-01,139.1,76.27600000000001,3.98,6463.580333333333,1297.0,18.92,6463.580333333333,255703.0,7.4,1082.0
1992-04-01,139.4,76.345,3.73,6503.551,1099.0,20.23,6503.551,255992.0,7.4,1054.0
1992-05-01,139.7,76.398,3.82,6537.410333333333,1214.0,20.98,6537.410333333333,256285.0,7.6,1056.0
1992-06-01,140.1,76.332,3.76,6571.269666666667,1145.0,22.39,6571.269666666667,256589.0,7.8,1057.0
1992-07-01,140.5,76.263,3.25,6605.129,1139.0,21.78,6605.129,256894.0,7.7,1089.0
1992-08-01,140.8,76.23,3.3,6646.066666666667,1226.0,21.34,6646.066666666667,257232.0,7.6,1075.0
1992-09-01,141.1,76.238,3.22,6687.004333333333,1186.0,21.88,6687.004333333333,257548.0,7.6,1114.0
1992-10-01,141.7,76.375,3.1,6727.942,1244.0,21.69,6727.942,257861.0,7.3,1132.0
1992-11-01,142.1,76.558,3.09,6747.015666666666,1214.0,20.34,6747.015666666666,258147.0,7.4,1118.0
1992-12-01,142.3,76.67399999999999,2.92,6766.089333333333,1227.0,19.41,6766.089333333333,258413.0,7.4,1176.0
1993-01-01,142.8,76.78399999999999,3.02,6785.163,1210.0,19.03,6785.163,258679.0,7.3,1177.0
1993-02-01,143.1,76.837,3.03,6814.150666666666,1210.0,20.09,6814.150666666666,258919.0,7.1,1148.0
1993-03-01,143.3,76.868,3.07,6843.138333333333,1083.0,20.32,6843.138333333333,259152.0,7.0,1056.0
1993-04-01,143.8,76.936,2.96,6872.126,1258.0,20.25,6872.126,259414.0,7.1,1104.0
1993-05-01,144.2,77.038,3.0,6898.234666666667,1260.0,19.95,6898.234666666667,259680.0,7.1,1112.0
1993-06-01,144.3,77.243,3.04,6924.343333333333,1280.0,19.09,6924.343333333333,259963.0,7.0,1130.0
1993-07-01,144.5,77.43,3.06,6950.452,1254.0,17.89,6950.452,260255.0,6.9,1174.0
1993-08-01,144.8,77.612,3.03,6996.030333333333,1300.0,18.01,6996.030333333333,260566.0,6.8,1230.0
1993-09-01,145.0,77.794,3.09,7041.608666666667,1343.0,17.5,7041.608666666667,260867.0,6.7,1251.0
1993-10-01,145.6,77.941,2.99,7087.187,1392.0,18.15,7087.187,261163.0,6.8,1287.0
1993-11-01,146.0,78.14699999999999,3.02,7123.540333333333,1376.0,16.61,7123.540333333333,261425.0,6.6,1357.0
1993-12-01,146.3,78.325,2.96,7159.893666666667,1533.0,14.52,7159.893666666667,261674.0,6.5,1461.0
1994-01-01,146.3,78.59100000000001,3.05,7196.247,1272.0,15.03,7196.247,261919.0,6.6,1390.0
1994-02-01,146.7,78.727,3.25,7243.332,1337.0,14.78,7243.332,262123.0,6.6,1269.0
1994-03-01,147.1,78.85600000000001,3.34,7290.417,1564.0,14.68,7290.417,262352.0,6.5,1342.0
1994-04-01,147.2,78.986,3.56,7337.502,1465.0,16.42,7337.502,262631.0,6.4,1392.0
1994-05-01,147.5,79.222,4.01,7367.649,1526.0,17.89,7367.649,262877.0,6.1,1396.0
1994-06-01,147.9,79.422,4.25,7397.796,1409.0,19.06,7397.796,263152.0,6.1,1357.0
1994-07-01,148.4,79.594,4.26,7427.943,1439.0,19.66,7427.943,263436.0,6.1,1335.0
1994-08-01,149.0,79.781,4.47,7471.029333333334,1450.0,18.38,7471.029333333334,263724.0,6.0,1377.0
1994-09-01,149.3,79.919,4.73,7514.115666666667,1474.0,17.45,7514.115666666667,264017.0,5.9,1412.0
1994-10-01,149.4,80.065,4.76,7557.202,1450.0,17.72,7557.202,264301.0,5.8,1397.0
1994-11-01,149.8,80.15,5.29,7580.674,1511.0,18.07,7580.674,264559.0,5.6,1340.0
1994-12-01,150.1,80.296,5.45,7604.146000000001,1455.0,17.16,7604.146000000001,264804.0,5.5,1396.0
1995-01-01,150.5,80.426,5.53,7627.618,1407.0,18.04,7627.618,265044.0,5.6,1282.0
1995-02-01,150.9,80.528,5.92,7648.575,1316.0,18.57,7648.575,265270.0,5.4,1254.0
1995-03-01,151.2,80.597,5.98,7669.532,1249.0,18.54,7669.532,265495.0,5.4,1226.0
1995-04-01,151.8,80.661,6.05,7690.489,1267.0,19.9,7690.489,265755.0,5.8,1259.0
1995-05-01,152.1,80.703,6.01,7712.849333333333,1314.0,19.74,7712.849333333333,265998.0,5.6,1271.0
1995-06-01,152.4,80.785,6.0,7735.209666666667,1281.0,18.45,7735.209666666667,266270.0,5.6,1305.0
1995-07-01,152.6,80.936,5.85,7757.57,1461.0,17.33,7757.57,266557.0,5.7,1354.0
1995-08-01,152.9,81.11,5.74,7785.835,1416.0,18.02,7785.835,266843.0,5.7,1386.0
1995-09-01,153.1,81.306,5.8,7814.099999999999,1369.0,18.23,7814.099999999999,267152.0,5.6,1421.0
1995-10-01,153.5,81.482,5.76,7842.365,1369.0,17.43,7842.365,267456.0,5.5,1400.0
1995-11-01,153.7,81.619,5.8,7880.664333333333,1452.0,17.99,7880.664333333333,267715.0,5.6,1430.0
1995-12-01,153.9,81.736,5.6,7918.9636666666665,1431.0,19.03,7918.9636666666665,267943.0,5.6,1442.0
1996-01-01,154.7,81.834,5.56,7957.263,1467.0,18.86,7957.263,268151.0,5.6,1387.0
1996-02-01,155.0,81.95299999999999,5.22,8013.691666666667,1491.0,19.09,8013.691666666667,268364.0,5.5,1420.0
1996-03-01,155.5,82.194,5.31,8070.120333333333,1424.0,21.33,8070.120333333333,268595.0,5.5,1437.0
1996-04-01,156.1,82.42,5.22,8126.549,1516.0,23.5,8126.549,268853.0,5.6,1463.0
1996-05-01,156.4,82.61,5.24,8166.228666666667,1504.0,21.17,8166.228666666667,269108.0,5.6,1457.0
1996-06-01,156.7,82.75200000000001,5.27,8205.908333333333,1467.0,20.42,8205.908333333333,269386.0,5.3,1429.0
1996-07-01,157.0,82.928,5.4,8245.588,1472.0,21.3,8245.588,269667.0,5.5,1450.0
1996-08-01,157.2,83.086,5.22,8279.923,1557.0,21.9,8279.923,269976.0,5.1,1413.0
1996-09-01,157.7,83.256,5.3,8314.258,1475.0,23.97,8314.258,270284.0,5.2,1392.0
1996-10-01,158.2,83.37700000000001,5.24,8348.593,1392.0,24.88,8348.593,270581.0,5.2,1358.0
1996-11-01,158.7,83.552,5.31,8389.560000000001,1489.0,23.71,8389.560000000001,270878.0,5.4,1412.0
1996-12-01,159.1,83.721,5.29,8430.527,1370.0,25.23,8430.527,271125.0,5.4,1411.0
1997-01-01,159.4,83.955,5.25,8471.494,1355.0,25.13,8471.494,271360.0,5.3,1382.0
1997-02-01,159.7,84.18,5.19,8515.671333333334,1486.0,22.18,8515.671333333334,271585.0,5.2,1445.0
1997-03-01,159.8,84.45100000000001,5.39,8559.848666666667,1457.0,20.97,8559.848666666667,271821.0,5.2,1436.0
1997-04-01,159.9,84.62200000000001,5.51,8604.026,1492.0,19.7,8604.026,272083.0,5.1,1421.0
1997-05-01,159.9,84.861,5.5,8655.902,1442.0,20.82,8655.902,272342.0,4.9,1414.0
1997-06-01,160.2,85.081,5.56,8707.778,1494.0,19.26,8707.778,272622.0,5.0,1402.0
1997-07-01,160.4,85.331,5.52,8759.654,1437.0,19.66,8759.654,272912.0,4.9,1440.0
1997-08-01,160.8,85.573,5.54,8800.743,1390.0,19.95,8800.743,273237.0,4.8,1449.0
1997-09-01,161.2,85.85,5.54,8841.832,1546.0,19.8,8841.832,273553.0,4.9,1494.0
1997-10-01,161.5,86.147,5.5,8882.921,1520.0,21.33,8882.921,273852.0,4.7,1499.0
1997-11-01,161.7,86.632,5.52,8922.512333333334,1510.0,20.19,8922.512333333334,274126.0,4.6,1469.0
1997-12-01,161.8,87.09200000000001,5.5,8962.103666666666,1566.0,18.33,8962.103666666666,274372.0,4.7,1456.0
1998-01-01,162.0,87.615,5.56,9001.695,1525.0,16.72,9001.695,274626.0,4.6,1555.0
1998-02-01,162.0,88.00200000000001,5.51,9045.14,1584.0,16.06,9045.14,274838.0,4.6,1647.0
1998-03-01,162.0,88.44200000000001,5.49,9088.585000000001,1567.0,15.12,9088.585000000001,275047.0,4.7,1605.0
1998-04-01,162.2,88.87799999999999,5.45,9132.03,1540.0,15.35,9132.03,275304.0,4.3,1547.0
1998-05-01,162.6,89.36399999999999,5.49,9186.597333333333,1536.0,14.91,9186.597333333333,275564.0,4.4,1554.0
1998-06-01,162.8,89.845,5.56,9241.164666666667,1641.0,13.72,9241.164666666667,275836.0,4.5,1551.0
1998-07-01,163.2,90.31,5.54,9295.732,1698.0,14.17,9295.732,276115.0,4.5,1610.0
1998-08-01,163.4,90.785,5.55,9354.706,1614.0,13.47,9354.706,276418.0,4.5,1654.0
1998-09-01,163.5,91.258,5.51,9413.68,1582.0,15.03,9413.68,276714.0,4.6,1577.0
1998-10-01,163.9,91.717,5.07,9472.654,1715.0,14.46,9472.654,277003.0,4.5,1719.0
1998-11-01,164.1,92.199,4.83,9523.183,1660.0,13.0,9523.183,277277.0,4.4,1672.0
1998-12-01,164.4,92.712,4.68,9573.712,1792.0,11.35,9573.712,277526.0,4.4,1742.0
1999-01-01,164.7,93.208,4.63,9624.241,1748.0,12.52,9624.241,277790.0,4.3,1732.0
1999-02-01,164.7,93.672,4.76,9674.074,1670.0,12.01,9674.074,277992.0,4.4,1720.0
1999-03-01,164.8,94.217,4.81,9723.907,1710.0,14.68,9723.907,278198.0,4.2,1665.0
1999-04-01,165.9,94.785,4.74,9773.74,1553.0,17.31,9773.74,278451.0,4.3,1600.0
1999-05-01,166.0,95.344,4.74,9836.836333333333,1611.0,17.72,9836.836333333333,278717.0,4.2,1640.0
1999-06-01,166.0,95.975,4.76,9899.932666666668,1559.0,17.92,9899.932666666668,279001.0,4.3,1702.0
1999-07-01,166.7,96.591,4.99,9963.029,1669.0,20.1,9963.029,279295.0,4.3,1682.0
1999-08-01,167.1,97.219,5.07,10042.644666666667,1648.0,21.28,10042.644666666667,279602.0,4.2,1671.0
1999-09-01,167.8,97.862,5.22,10122.260333333334,1635.0,23.8,10122.260333333334,279903.0,4.2,1551.0
1999-10-01,168.1,98.522,5.2,10201.876,1608.0,22.69,10201.876,280203.0,4.1,1649.0
1999-11-01,168.4,99.154,5.42,10254.171333333334,1648.0,25.0,10254.171333333334,280471.0,4.1,1672.0
1999-12-01,168.8,99.844,5.3,10306.466666666667,1708.0,26.1,10306.466666666667,280716.0,4.0,1683.0
2000-01-01,169.3,100.551,5.45,10358.762,1636.0,27.26,10358.762,280976.0,4.0,1727.0
2000-02-01,170.0,101.339,5.73,10442.581333333334,1737.0,29.37,10442.581333333334,281190.0,4.1,1692.0
2000-03-01,171.0,102.127,5.85,10526.400666666666,1604.0,29.84,10526.400666666666,281409.0,4.0,1651.0
2000-04-01,170.9,102.922,6.02,10610.22,1626.0,25.72,10610.22,281653.0,3.8,1597.0
2000-05-01,171.2,103.677,6.27,10644.157,1575.0,28.79,10644.157,281877.0,4.0,1543.0
2000-06-01,172.2,104.424,6.53,10678.094000000001,1559.0,31.82,10678.094000000001,282126.0,4.0,1572.0
2000-07-01,172.7,105.054,6.54,10712.031,1463.0,29.7,10712.031,282385.0,4.0,1542.0
2000-08-01,172.7,105.768,6.5,10757.049666666668,1541.0,31.26,10757.049666666668,282653.0,4.1,1552.0
2000-09-01,173.6,106.538,6.52,10802.068333333333,1507.0,33.88,10802.068333333333,282932.0,3.9,1570.0
2000-10-01,173.9,107.382,6.51,10847.087,1549.0,33.11,10847.087,283201.0,3.9,1577.0
2000-11-01,174.2,108.302,6.51,10855.685666666666,1551.0,34.42,10855.685666666666,283453.0,3.9,1614.0
2000-12-01,174.6,109.142,6.4,10864.284333333333,1532.0,28.44,10864.284333333333,283696.0,3.9,1543.0
2001-01-01,175.6,109.846,5.98,10872.883,1600.0,29.59,10872.883,283920.0,4.2,1699.0
2001-02-01,176.0,110.501,5.49,10902.927,1625.0,29.61,10902.927,284137.0,4.2,1656.0
2001-03-01,176.1,111.108,5.31,10932.971,1590.0,27.25,10932.971,284350.0,4.3,1659.0
2001-04-01,176.4,111.652,4.8,10963.015,1649.0,27.49,10963.015,284581.0,4.4,1666.0
2001-05-01,177.3,112.164,4.21,10964.894666666667,1605.0,28.63,10964.894666666667,284810.0,4.3,1665.0
2001-06-01,177.7,112.797,3.97,10966.774333333333,1636.0,27.6,10966.774333333333,285062.0,4.5,1626.0
2001-07-01,177.4,113.491,3.77,10968.654,1670.0,26.43,10968.654,285309.0,4.6,1598.0
2001-08-01,177.4,114.167,3.65,10989.153666666667,1567.0,27.37,10989.153666666667,285570.0,4.9,1615.0
2001-09-01,178.1,114.812,3.07,11009.653333333334,1562.0,26.2,11009.653333333334,285843.0,5.0,1565.0
2001-10-01,177.6,115.31,2.49,11030.153,1540.0,22.17,11030.153,286098.0,5.3,1566.0
2001-11-01,177.5,115.857,2.09,11076.896666666667,1602.0,19.64,11076.896666666667,286341.0,5.5,1651.0
2001-12-01,177.4,116.455,1.82,11123.640333333333,1568.0,19.39,11123.640333333333,286570.0,5.7,1680.0
2002-01-01,177.7,117.143,1.73,11170.384,1698.0,19.72,11170.384,286788.0,5.7,1665.0
2002-02-01,178.0,117.844,1.74,11218.829,1829.0,20.72,11218.829,286994.0,5.7,1787.0
2002-03-01,178.5,118.687,1.73,11267.274,1642.0,24.53,11267.274,287190.0,5.7,1691.0
2002-04-01,179.3,119.611,1.75,11315.719,1592.0,26.18,11315.719,287397.0,5.9,1669.0
2002-05-01,179.5,120.724,1.75,11354.341666666665,1764.0,27.04,11354.341666666665,287623.0,5.8,1716.0
2002-06-01,179.6,121.813,1.75,11392.964333333333,1717.0,25.52,11392.964333333333,287864.0,5.8,1758.0
2002-07-01,180.0,122.888,1.73,11431.587,1655.0,26.97,11431.587,288105.0,5.8,1738.0
2002-08-01,180.5,123.831,1.74,11473.632,1633.0,28.39,11473.632,288360.0,5.7,1695.0
2002-09-01,180.8,124.78,1.75,11515.677,1804.0,29.66,11515.677,288618.0,5.7,1803.0
2002-10-01,181.2,125.735,1.75,11557.722,1648.0,28.84,11557.722,288870.0,5.7,1799.0
2002-11-01,181.5,126.67,1.34,11604.945,1753.0,26.35,11604.945,289106.0,5.9,1771.0
2002-12-01,181.8,127.624,1.24,11652.168,1788.0,29.46,11652.168,289313.0,6.0,1896.0
2003-01-01,182.6,128.461,1.24,11699.391,1853.0,32.95,11699.391,289518.0,5.8,1808.0
2003-02-01,183.6,129.356,1.26,11743.806,1629.0,35.83,11743.806,289714.0,5.9,1854.0
2003-03-01,183.9,130.148,1.25,11788.221,1726.0,33.51,11788.221,289911.0,5.9,1757.0
2003-04-01,183.2,130.885,1.26,11832.636,1643.0,28.17,11832.636,290125.0,6.0,1803.0
2003-05-01,182.9,131.735,1.26,11916.978333333334,1751.0,28.11,11916.978333333334,290346.0,6.1,1835.0
2003-06-01,183.1,132.649,1.22,12001.320666666667,1867.0,30.66,12001.320666666667,290584.0,6.3,1875.0
2003-07-01,183.7,133.77700000000002,1.01,12085.663,1897.0,30.76,12085.663,290820.0,6.2,1885.0
2003-08-01,184.5,134.968,1.03,12155.751333333334,1833.0,31.57,12155.751333333334,291072.0,6.1,1966.0
2003-09-01,185.1,136.29399999999998,1.01,12225.839666666667,1939.0,28.31,12225.839666666667,291321.0,6.1,1961.0
2003-10-01,184.9,137.532,1.01,12295.928,1967.0,30.34,12295.928,291574.0,6.0,2012.0
2003-11-01,185.0,138.795,1.0,12360.426333333333,2083.0,31.11,12360.426333333333,291807.0,5.8,1918.0
2003-12-01,185.5,140.18,0.98,12424.924666666668,2057.0,32.13,12424.924666666668,292008.0,5.7,1987.0
2004-01-01,186.3,141.64700000000002,1.0,12489.423,1911.0,34.31,12489.423,292192.0,5.7,1952.0
2004-02-01,186.7,143.192,1.01,12569.747666666668,1846.0,34.69,12569.747666666668,292368.0,5.6,1966.0
2004-03-01,187.1,145.058,1.0,12650.072333333334,1998.0,36.74,12650.072333333334,292561.0,5.8,2066.0
2004-04-01,187.4,146.592,1.0,12730.397,2003.0,36.75,12730.397,292779.0,5.6,2070.0
2004-05-01,188.2,148.186,1.0,12806.257666666666,1981.0,40.28,12806.257666666666,292997.0,5.6,2150.0
2004-06-01,188.9,149.851,1.03,12882.118333333334,1828.0,38.03,12882.118333333334,293223.0,5.6,2020.0
2004-07-01,189.1,151.338,1.26,12957.979,2002.0,40.78,12957.979,293463.0,5.5,2112.0
2004-08-01,189.2,152.634,1.43,13047.836,2024.0,44.9,13047.836,293719.0,5.4,2056.0
2004-09-01,189.8,154.18,1.61,13137.693,1905.0,45.94,13137.693,293971.0,5.4,2041.0
2004-10-01,190.8,155.752,1.76,13227.55,2072.0,53.28,13227.55,294230.0,5.5,2097.0
2004-11-01,191.7,157.528,1.93,13306.346666666666,1782.0,48.47,13306.346666666666,294466.0,5.4,2079.0
2004-12-01,191.7,159.33100000000002,2.16,13385.143333333333,2042.0,43.15,13385.143333333333,294694.0,5.4,2082.0
2005-01-01,191.6,161.289,2.28,13463.94,2144.0,46.84,13463.94,294914.0,5.3,2139.0
2005-02-01,192.4,163.344,2.5,13519.248666666666,2207.0,48.15,13519.248666666666,295105.0,5.4,2114.0
2005-03-01,193.1,165.813,2.63,13574.557333333334,1864.0,54.19,13574.557333333334,295287.0,5.2,2062.0
2005-04-01,193.7,167.502,2.79,13629.866,2061.0,52.98,13629.866,295490.0,5.2,2150.0
2005-05-01,193.6,169.351,3.0,13717.778333333334,2025.0,49.83,13717.778333333334,295704.0,5.1,2085.0
2005-06-01,193.7,171.19099999999997,3.04,13805.690666666665,2068.0,56.35,13805.690666666665,295936.0,5.0,2178.0
2005-07-01,194.9,172.86,3.26,13893.603,2054.0,59.0,13893.603,296186.0,5.0,2203.0
2005-08-01,196.1,174.442,3.5,13972.065333333332,2095.0,64.99,13972.065333333332,296440.0,4.9,2219.0
2005-09-01,198.8,176.437,3.62,14050.527666666667,2151.0,65.59,14050.527666666667,296707.0,5.0,2263.0
2005-10-01,199.1,178.02700000000002,3.78,14128.99,2065.0,62.26,14128.99,296972.0,5.0,2170.0
2005-11-01,198.1,179.68,4.0,14215.986333333332,2147.0,58.32,14215.986333333332,297207.0,5.0,2218.0
2005-12-01,198.1,180.91,4.16,14302.982666666667,1994.0,59.41,14302.982666666667,297431.0,4.9,2120.0
2006-01-01,199.3,182.32,4.29,14389.979,2273.0,65.49,14389.979,297647.0,4.7,2212.0
2006-02-01,199.4,183.287,4.49,14442.474666666667,2119.0,61.63,14442.474666666667,297854.0,4.8,2141.0
2006-03-01,199.7,184.365,4.59,14494.970333333333,1969.0,62.69,14494.970333333333,298060.0,4.7,2118.0
2006-04-01,200.7,184.328,4.79,14547.466,1821.0,69.44,14547.466,298281.0,4.7,1998.0
2006-05-01,201.3,184.155,4.94,14596.134666666667,1942.0,70.84,14596.134666666667,298496.0,4.6,1905.0
2006-06-01,201.8,183.507,4.99,14644.803333333333,1802.0,70.95,14644.803333333333,298739.0,4.6,1867.0
2006-07-01,202.9,183.066,5.24,14693.472,1737.0,74.41,14693.472,298996.0,4.7,1763.0
2006-08-01,203.8,182.593,5.25,14721.390666666666,1650.0,73.04,14721.390666666666,299263.0,4.7,1722.0
2006-09-01,202.8,182.798,5.25,14749.309333333333,1720.0,63.8,14749.309333333333,299554.0,4.5,1655.0
2006-10-01,201.9,183.197,5.25,14777.228,1491.0,58.89,14777.228,299835.0,4.4,1570.0
2006-11-01,202.0,183.608,5.25,14836.46,1570.0,59.08,14836.46,300094.0,4.5,1535.0
2006-12-01,203.1,184.138,5.24,14895.692000000001,1649.0,61.96,14895.692000000001,300340.0,4.4,1638.0
2007-01-01,203.437,184.516,5.25,14954.924,1409.0,54.51,14954.924,300574.0,4.6,1626.0
2007-02-01,204.226,184.598,5.26,15019.245333333334,1480.0,59.28,15019.245333333334,300802.0,4.5,1598.0
2007-03-01,205.288,184.15,5.26,15083.566666666668,1495.0,60.44,15083.566666666668,301021.0,4.4,1596.0
2007-04-01,205.904,183.01,5.25,15147.888,1490.0,63.98,15147.888,301254.0,4.5,1470.0
2007-05-01,206.755,181.6,5.25,15196.282333333334,1415.0,63.46,15196.282333333334,301483.0,4.4,1493.0
2007-06-01,207.234,180.253,5.25,15244.676666666666,1448.0,67.49,15244.676666666666,301739.0,4.6,1407.0
2007-07-01,207.603,179.11,5.26,15293.071,1354.0,74.12,15293.071,302004.0,4.7,1361.0
2007-08-01,207.667,178.116,5.02,15343.632666666666,1330.0,72.36,15343.632666666666,302267.0,4.6,1321.0
2007-09-01,208.547,177.55700000000002,4.94,15394.194333333333,1183.0,79.92,15394.194333333333,302546.0,4.7,1261.0
2007-10-01,209.19,176.623,4.76,15444.756,1264.0,85.8,15444.756,302807.0,4.7,1192.0
2007-11-01,210.834,175.146,4.49,15455.766,1197.0,94.77,15455.766,303054.0,4.7,1224.0
2007-12-01,211.445,174.34099999999998,4.24,15466.776,1037.0,91.69,15466.776,303287.0,5.0,1149.0
2008-01-01,212.174,173.13099999999997,3.94,15477.786,1084.0,92.97,15477.786,303506.0,5.0,1094.0
2008-02-01,212.687,171.53900000000002,2.98,15532.559333333333,1103.0,95.39,15532.559333333333,303711.0,4.9,1014.0
2008-03-01,213.448,170.05200000000002,2.61,15587.332666666667,1005.0,105.45,15587.332666666667,303907.0,5.1,967.0
2008-04-01,213.942,168.33700000000002,2.28,15642.106,1013.0,112.58,15642.106,304117.0,5.0,1008.0
2008-05-01,215.208,166.658,1.98,15656.854666666666,973.0,125.4,15656.854666666666,304323.0,5.4,995.0
2008-06-01,217.463,165.016,2.0,15671.603333333334,1046.0,133.88,15671.603333333334,304556.0,5.6,1180.0
2008-07-01,219.016,163.564,2.01,15686.352,923.0,133.37,15686.352,304798.0,5.8,921.0
2008-08-01,218.69,161.986,2.0,15536.462333333335,844.0,116.67,15536.462333333335,305045.0,6.1,858.0
2008-09-01,218.877,160.30700000000002,1.81,15386.572666666667,820.0,104.11,15386.572666666667,305309.0,6.1,797.0
2008-10-01,216.995,158.326,0.97,15236.683,777.0,76.61,15236.683,305554.0,6.5,736.0
2008-11-01,213.153,156.141,0.39,15108.42,652.0,57.31,15108.42,305786.0,6.8,626.0
2008-12-01,211.398,153.618,0.16,14980.157000000001,560.0,41.12,14980.157000000001,306004.0,7.3,554.0
2009-01-01,211.933,151.506,0.15,14851.894,490.0,41.71,14851.894,306208.0,7.8,545.0
2009-02-01,212.705,150.014,0.22,14814.464333333333,582.0,39.09,14814.464333333333,306402.0,8.3,558.0
2009-03-01,212.495,148.659,0.18,14777.034666666666,505.0,47.94,14777.034666666666,306588.0,8.7,513.0
2009-04-01,212.709,147.947,0.15,14739.605,478.0,49.65,14739.605,306787.0,9.0,521.0
2009-05-01,213.022,147.69299999999998,0.18,14784.029999999999,540.0,59.03,14784.029999999999,306984.0,9.4,556.0
2009-06-01,214.79,148.088,0.21,14828.455,585.0,69.64,14828.455,307206.0,9.5,601.0
2009-07-01,214.726,148.408,0.16,14872.88,594.0,64.15,14872.88,307439.0,9.5,595.0
2009-08-01,215.445,148.27700000000002,0.16,14956.754333333332,586.0,71.05,14956.754333333332,307685.0,9.6,616.0
2009-09-01,215.861,148.024,0.15,15040.628666666667,585.0,69.41,15040.628666666667,307946.0,9.8,609.0
2009-10-01,216.509,147.85,0.12,15124.503,534.0,75.72,15124.503,308189.0,10.0,583.0
2009-11-01,217.234,148.136,0.12,15174.269333333334,588.0,77.99,15174.269333333334,308418.0,9.9,623.0
2009-12-01,217.347,147.93,0.12,15224.035666666667,581.0,74.47,15224.035666666667,308633.0,9.9,664.0
2010-01-01,217.488,147.39600000000002,0.11,15273.802,614.0,78.33,15273.802,308833.0,9.8,636.0
2010-02-01,217.281,145.631,0.13,15356.770666666667,604.0,76.39,15356.770666666667,309027.0,9.8,650.0
2010-03-01,217.353,145.858,0.16,15439.739333333333,636.0,81.2,15439.739333333333,309212.0,9.9,687.0
2010-04-01,217.403,146.401,0.2,15522.708,687.0,84.29,15522.708,309191.211,9.9,637.0
2010-05-01,217.29,146.392,0.2,15580.322,583.0,73.74,15580.322,309367.58,9.6,575.0
2010-06-01,217.199,145.719,0.18,15637.936,536.0,75.34,15637.936,309545.555,9.4,587.0
2010-07-01,217.605,144.987,0.18,15695.55,546.0,76.32,15695.55,309741.279,9.4,579.0
2010-08-01,217.923,143.912,0.19,15741.386666666665,599.0,76.6,15741.386666666665,309951.795,9.5,580.0
2010-09-01,218.275,143.015,0.19,15787.223333333333,594.0,75.24,15787.223333333333,310168.926,9.5,563.0
2010-10-01,219.035,142.526,0.19,15833.06,543.0,81.89,15833.06,310390.859,9.4,558.0
2010-11-01,219.59,142.167,0.19,15862.015,545.0,84.25,15862.015,310585.106,9.8,560.0
2010-12-01,220.472,142.054,0.18,15890.97,539.0,89.15,15890.97,310769.486,9.3,632.0
2011-01-01,221.187,141.516,0.17,15919.925,630.0,89.17,15919.925,310946.962,9.1,576.0
2011-02-01,221.898,140.343,0.16,15992.827,517.0,88.58,15992.827,311098.039,9.0,542.0
2011-03-01,223.046,139.975,0.14,16065.729,600.0,102.86,16065.729,311248.506,9.0,583.0
2011-04-01,224.093,140.007,0.1,16138.631,554.0,109.53,16138.631,311417.782,9.1,581.0
2011-05-01,224.806,139.903,0.09,16164.017666666667,561.0,100.9,16164.017666666667,311587.063,9.0,618.0
2011-06-01,224.806,139.86,0.09,16189.404333333332,608.0,96.26,16189.404333333332,311769.648,9.1,636.0
2011-07-01,225.395,139.72799999999998,0.07,16214.791,623.0,97.3,16214.791,311973.914,9.0,621.0
2011-08-01,226.106,139.308,0.1,16291.209666666666,585.0,86.33,16291.209666666666,312180.558,9.0,647.0
2011-09-01,226.597,138.667,0.08,16367.628333333332,650.0,85.52,16367.628333333332,312402.633,9.0,610.0
2011-10-01,226.75,137.951,0.07,16444.047,610.0,86.32,16444.047,312616.001,8.8,671.0
2011-11-01,227.169,137.15,0.08,16519.72333333333,711.0,97.16,16519.72333333333,312799.689,8.6,706.0
2011-12-01,227.223,136.672,0.07,16595.399666666668,694.0,98.56,16595.399666666668,312978.205,8.5,697.0
2012-01-01,227.842,136.606,0.08,16671.076,723.0,100.27,16671.076,313149.997,8.3,712.0
2012-02-01,228.329,136.531,0.1,16704.836,704.0,102.2,16704.836,313304.12,8.3,738.0
2012-03-01,228.807,137.90200000000002,0.13,16738.596,695.0,106.16,16738.596,313462.838,8.2,806.0
2012-04-01,229.187,139.151,0.14,16772.356,753.0,103.32,16772.356,313628.923,8.2,732.0
2012-05-01,228.713,140.15200000000002,0.16,16795.778666666665,708.0,94.66,16795.778666666665,313790.652,8.2,796.0
2012-06-01,228.524,141.028,0.16,16819.201333333334,757.0,82.3,16819.201333333334,313976.041,8.2,794.0
2012-07-01,228.59,141.66899999999998,0.16,16842.624,740.0,87.9,16842.624,314167.558,8.2,849.0
2012-08-01,229.918,142.278,0.13,16873.847,754.0,94.13,16873.847,314377.381,8.1,840.0
2012-09-01,231.015,142.906,0.14,16905.07,847.0,94.51,16905.07,314600.057,7.8,930.0
2012-10-01,231.638,143.597,0.16,16936.293,915.0,89.49,16936.293,314805.556,7.8,887.0
2012-11-01,231.249,144.58,0.16,17006.70766666667,833.0,86.53,17006.70766666667,315003.708,7.7,917.0
2012-12-01,231.221,145.497,0.16,17077.122333333333,976.0,87.86,17077.122333333333,315180.866,7.9,941.0
2013-01-01,231.679,146.82299999999998,0.14,17147.537,888.0,94.76,17147.537,315335.976,8.0,940.0
2013-02-01,232.937,147.781,0.15,17174.047,962.0,95.31,17174.047,315464.793,7.7,980.0
2013-03-01,232.282,149.96,0.14,17200.557,1010.0,92.94,17200.557,315605.141,7.5,936.0
2013-04-01,231.797,151.517,0.15,17227.067,835.0,92.02,17227.067,315759.039,7.6,1012.0
2013-05-01,231.893,152.849,0.11,17296.679666666667,930.0,94.51,17296.679666666667,315923.105,7.5,1003.0
2013-06-01,232.445,154.19899999999998,0.09,17366.29233333333,839.0,95.77,17366.29233333333,316108.76,7.5,942.0
2013-07-01,232.9,155.60399999999998,0.09,17435.905,880.0,104.67,17435.905,316294.766,7.3,997.0
2013-08-01,233.456,156.961,0.08,17499.282666666666,917.0,106.57,17499.282666666666,316514.531,7.2,964.0
2013-09-01,233.544,158.22299999999998,0.08,17562.660333333333,850.0,106.29,17562.660333333333,316738.543,7.2,1004.0
2013-10-01,233.669,159.239,0.09,17626.038,925.0,100.54,17626.038,316952.905,7.2,1044.0
2013-11-01,234.1,160.07299999999998,0.08,17653.300666666666,1100.0,93.86,17653.300666666666,317156.876,6.9,1029.0
2013-12-01,234.719,160.99200000000002,0.09,17680.563333333335,1002.0,97.63,17680.563333333335,317338.617,6.7,1005.0
2014-01-01,235.288,161.923,0.07,17707.826,888.0,94.62,17707.826,317519.206,6.6,976.0
2014-02-01,235.547,162.52100000000002,0.07,17813.188000000002,944.0,100.82,17813.188000000002,317677.384,6.7,1039.0
2014-03-01,236.028,163.08100000000002,0.08,17918.55,970.0,100.8,17918.55,317838.92,6.7,1067.0
2014-04-01,236.468,163.387,0.09,18023.912,1043.0,102.07,18023.912,318009.154,6.2,1090.0
2014-05-01,236.918,163.655,0.09,18113.803333333333,1007.0,102.18,18113.803333333333,318187.658,6.3,1018.0
2014-06-01,237.231,164.065,0.1,18203.694666666666,911.0,105.79,18203.694666666666,318380.521,6.1,1010.0
2014-07-01,237.498,164.585,0.09,18293.586,1085.0,103.59,18293.586,318576.955,6.2,1076.0
2014-08-01,237.46,165.21099999999998,0.09,18343.333666666666,984.0,96.54,18343.333666666666,318806.531,6.1,1047.0
2014-09-01,237.477,165.90099999999998,0.09,18393.081333333335,1023.0,93.21,18393.081333333335,319036.2,5.9,1077.0
2014-10-01,237.43,166.637,0.09,18442.829,1074.0,84.4,18442.829,319262.799,5.7,1094.0
2014-11-01,236.983,167.331,0.09,18491.873,1001.0,75.79,18491.873,319471.435,5.8,1059.0
2014-12-01,236.252,168.045,0.12,18540.917,1073.0,59.29,18540.917,319651.541,5.6,1072.0
2015-01-01,234.747,168.625,0.11,18589.961,1085.0,47.22,18589.961,319832.19,5.7,1049.0
2015-02-01,235.342,169.122,0.11,18656.411,886.0,50.58,18656.411,319976.213,5.5,1127.0
2015-03-01,235.976,169.793,0.11,18722.861,960.0,47.82,18722.861,320130.646,5.4,1072.0
2015-04-01,236.222,170.292,0.12,18789.311,1190.0,54.45,18789.311,320300.314,5.4,1166.0
2015-05-01,237.001,170.875,0.12,18839.443333333333,1079.0,59.27,18839.443333333333,320480.147,5.6,1272.0
2015-06-01,237.657,171.476,0.13,18889.575666666668,1205.0,59.82,18889.575666666668,320667.889,5.3,1379.0
2015-07-01,238.034,172.146,0.13,18939.708,1146.0,50.9,18939.708,320870.703,5.2,1140.0
2015-08-01,238.033,172.93,0.14,18945.930333333334,1130.0,42.87,18945.930333333334,321093.062,5.1,1165.0
2015-09-01,237.498,173.82299999999998,0.14,18952.152666666665,1224.0,45.48,18952.152666666665,321316.348,5.0,1144.0
2015-10-01,237.733,174.787,0.12,18958.375,1058.0,46.22,18958.375,321539.88,5.0,1160.0
2015-11-01,238.017,175.733,0.12,18984.788,1172.0,42.44,18984.788,321741.248,5.1,1244.0
2015-12-01,237.761,176.53599999999997,0.24,19011.201,1146.0,37.19,19011.201,321926.178,5.0,1211.0
2016-01-01,237.652,177.261,0.34,19037.614,1092.0,31.68,19037.614,322114.094,4.8,1171.0
2016-02-01,237.336,177.639,0.38,19092.100000000002,1225.0,30.32,19092.100000000002,322277.451,4.9,1172.0
2016-03-01,238.08,178.15599999999998,0.36,19146.586,1111.0,37.55,19146.586,322428.943,5.0,1118.0
2016-04-01,238.992,178.757,0.37,19201.072,1163.0,40.75,19201.072,322596.809,5.1,1160.0
2016-05-01,239.557,179.419,0.37,19258.671,1148.0,46.71,19258.671,322773.714,4.8,1205.0
2016-06-01,240.222,180.088,0.38,19316.27,1203.0,48.76,19316.27,322960.309,4.9,1208.0
2016-07-01,240.101,180.847,0.39,19373.869,1239.0,44.65,19373.869,323161.011,4.8,1198.0
2016-08-01,240.545,181.836,0.4,19455.97433333333,1171.0,44.72,19455.97433333333,323369.427,4.9,1201.0
2016-09-01,241.176,182.81,0.4,19538.07966666667,1068.0,45.18,19538.07966666667,323576.012,5.0,1303.0
2016-10-01,241.741,183.738,0.4,19620.185,1313.0,49.78,19620.185,323783.987,4.9,1254.0
2016-11-01,242.026,184.748,0.41,19684.624666666667,1140.0,45.66,19684.624666666667,323968.882,4.7,1230.0
2016-12-01,242.637,185.71,0.54,19749.064333333336,1252.0,51.97,19749.064333333336,324135.365,4.7,1248.0
2017-01-01,243.618,186.792,0.65,19813.504,1190.0,52.5,19813.504,324296.746,4.7,1303.0
2017-02-01,244.006,187.31,0.66,19873.05,1271.0,53.47,19873.05,324427.384,4.6,1234.0
2017-03-01,243.892,187.988,0.79,19932.596,1190.0,49.33,19932.596,324559.999,4.4,1272.0
2017-04-01,244.193,188.719,0.9,19992.142,1146.0,51.06,19992.142,324704.641,4.4,1251.0
2017-05-01,244.004,189.607,0.91,20069.458666666666,1157.0,48.48,20069.458666666666,324861.316,4.4,1208.0
2017-06-01,244.163,190.516,1.04,20146.775333333335,1249.0,45.18,20146.775333333335,325027.016,4.3,1353.0
2017-07-01,244.243,191.462,1.15,20224.092,1206.0,46.63,20224.092,325206.03,4.3,1256.0
2017-08-01,245.183,192.646,1.16,20346.72266666667,1159.0,48.04,20346.72266666667,325386.457,4.4,1319.0
2017-09-01,246.435,193.741,1.15,20469.353333333333,1181.0,49.82,20469.353333333333,325565.293,4.3,1273.0
2017-10-01,246.626,194.788,1.15,20591.984,1257.0,51.58,20591.984,325741.643,4.2,1356.0
2017-11-01,247.284,195.941,1.16,20696.184,1273.0,56.64,20696.184,325898.856,4.2,1299.0
2017-12-01,247.805,197.161,1.3,20800.384,1177.0,57.88,20800.384,326036.736,4.1,1311.0
2018-01-01,248.859,198.301,1.41,20904.584,1299.0,63.7,20904.584,326163.263,4.0,1317.0
2018-02-01,249.529,199.228,1.42,20977.967666666667,1277.0,62.23,20977.967666666667,326268.894,4.1,1321.0
2018-03-01,249.577,199.966,1.51,21051.351333333332,1318.0,62.73,21051.351333333332,326377.173,4.0,1385.0
2018-04-01,250.227,200.661,1.69,21124.735,1276.0,66.25,21124.735,326496.848,4.0,1378.0
2018-05-01,250.792,201.424,1.7,21222.149,1357.0,69.98,21222.149,326628.822,3.8,1338.0
2018-06-01,251.018,202.239,1.82,21319.563,1192.0,67.87,21319.563,326769.726,4.0,1345.0
2018-07-01,251.214,202.91,1.91,21416.977,1208.0,70.98,21416.977,326923.976,3.8,1334.0
2018-08-01,251.663,203.656,1.91,21462.00933333333,1288.0,68.06,21462.00933333333,327086.833,3.8,1273.0
2018-09-01,252.182,204.313,1.95,21507.041666666668,1250.0,70.23,21507.041666666668,327248.127,3.7,1314.0
2018-10-01,252.772,205.079,2.19,21552.074,1221.0,70.75,21552.074,327407.004,3.8,1272.0
2018-11-01,252.594,205.652,2.2,21602.289333333334,1181.0,56.96,21602.289333333334,327546.8,3.8,1340.0
2018-12-01,252.767,206.142,2.27,21652.504666666668,1095.0,49.52,21652.504666666668,327667.595,3.9,1317.0
2019-01-01,252.561,206.535,2.4,21702.72,1226.0,51.38,21702.72,327776.541,4.0,1261.0
2019-02-01,253.319,206.86,2.4,21801.745666666666,1121.0,54.95,21801.745666666666,327871.957,3.8,1287.0
2019-03-01,254.277,207.08,2.41,21900.771333333334,1191.0,58.15,21900.771333333334,327970.02,3.8,1305.0
2019-04-01,255.233,207.533,2.42,21999.797,1272.0,63.86,21999.797,328079.473,3.7,1311.0
2019-05-01,255.296,208.15,2.39,22092.711333333333,1293.0,60.83,22092.711333333333,328201.245,3.6,1347.0
2019-06-01,255.213,208.644,2.38,22185.625666666667,1243.0,54.66,22185.625666666667,328331.949,3.6,1315.0
2019-07-01,255.802,209.249,2.4,22278.54,1240.0,57.35,22278.54,328475.998,3.7,1352.0
2019-08-01,256.036,210.023,2.13,22325.205333333335,1375.0,54.81,22325.205333333335,328646.02,3.6,1489.0
2019-09-01,256.43,210.836,2.04,22371.870666666666,1311.0,56.95,22371.870666666666,328814.479,3.5,1474.0
2019-10-01,257.155,211.729,1.83,22418.536,1325.0,53.96,22418.536,328980.52,3.6,1525.0
2019-11-01,257.879,212.771,1.55,22353.868666666665,1353.0,57.03,22353.868666666665,329127.484,3.6,1527.0
2019-12-01,258.63,213.938,1.55,22289.201333333334,1548.0,59.88,22289.201333333334,329255.444,3.6,1451.0
2020-01-01,258.906,215.031,1.55,22224.534,1578.0,57.52,22224.534,329371.559,3.6,1507.0
2020-02-01,259.246,215.897,1.58,21631.115999999998,1537.0,50.54,21631.115999999998,329474.136,3.5,1442.0
2020-03-01,258.15,216.457,0.65,21037.698,1252.0,29.21,21037.698,329579.358,4.4,1358.0
2020-04-01,256.126,216.858,0.05,20444.28,931.0,16.55,20444.28,331711.753,14.8,1066.0
2020-05-01,255.848,216.999,0.05,21077.315666666665,1053.0,28.56,21077.315666666665,331686.795,13.2,1260.0
2020-06-01,257.004,217.577,0.08,21710.351333333332,1254.0,38.31,21710.351333333332,331714.569,11.0,1338.0
2020-07-01,258.408,219.287,0.09,22343.387,1523.0,40.71,22343.387,331773.226,10.2,1546.0
2020-08-01,259.366,222.26,0.1,22490.645333333334,1401.0,42.34,22490.645333333334,331848.069,8.4,1529.0
2020-09-01,259.951,225.723,0.09,22637.903666666665,1463.0,39.63,22637.903666666665,331922.575,7.8,1624.0
2020-10-01,260.249,229.649,0.09,22785.162,1543.0,39.4,22785.162,332009.201,6.8,1613.0
2020-11-01,260.895,233.218,0.09,22987.642,1553.0,40.94,22987.642,332072.46,6.7,1714.0
2020-12-01,262.005,236.542,0.09,23190.122,1635.0,47.02,23190.122,332084.586,6.7,1744.0
2021-01-01,262.518,239.68,0.09,23392.602,1639.0,52.0,23392.602,332039.558,6.4,1883.0
2021-02-01,263.583,242.428,0.08,23636.512666666666,1407.0,59.04,23636.512666666666,331975.432,6.2,1715.0
2021-03-01,264.91,245.541,0.07,23880.423333333332,1668.0,62.33,23880.423333333332,331991.389,6.1,1732.0
2021-04-01,266.752,249.125,0.07,24124.334,1492.0,61.72,24124.334,332055.217,6.1,1738.0
2021-05-01,268.452,253.419,0.06,24320.639333333333,1607.0,65.17,24320.639333333333,332123.519,5.8,1681.0
2021-06-01,270.664,258.246,0.08,24516.944666666666,1638.0,71.38,24516.944666666666,332198.249,5.9,1657.0
2021-07-01,271.994,262.616,0.1,24713.25,1600.0,72.49,24713.25,332298.819,5.4,1652.0
2021-08-01,272.789,266.582,0.09,25001.797333333332,1595.0,67.73,25001.797333333332,332450.856,5.1,1770.0
2021-09-01,273.887,270.166,0.08,25290.344666666668,1563.0,71.65,25290.344666666668,332561.116,4.7,1625.0
2021-10-01,276.434,273.546,0.08,25578.892,1587.0,81.48,25578.892,332658.307,4.5,1719.0
2021-11-01,278.799,277.262,0.08,25758.859,1704.0,79.15,25758.859,332757.379,4.1,1766.0
2021-12-01,280.808,281.486,0.08,25938.826,1757.0,71.71,25938.826,332853.874,3.9,1913.0
2022-01-01,282.39,286.172,0.08,26118.793,1712.0,83.22,26118.793,332928.956,4.0,1915.0
2022-02-01,284.535,291.242,0.08,26269.142333333333,1742.0,91.64,26269.142333333333,332937.514,3.8,1860.0
2022-03-01,287.553,296.512,0.2,26419.49166666667,1678.0,108.5,26419.49166666667,333006.084,3.6,1879.0
2022-04-01,288.764,300.584,0.33,26569.841,1828.0,101.78,26569.841,333128.441,3.7,1835.0
2022-05-01,291.359,303.704,0.77,26675.449,1540.0,109.55,26675.449,333254.05,3.6,1712.0
2022-06-01,294.996,304.468,1.21,26781.057,1542.0,114.84,26781.057,333380.336,3.6,1745.0
2022-07-01,294.977,303.505,1.68,26886.665,1392.0,101.62,26886.665,333521.104,3.5,1719.0
2022-08-01,295.209,301.029,2.33,27019.646333333334,1520.0,93.67,27019.646333333334,333676.165,3.6,1542.0
2022-09-01,296.341,299.006,2.56,27152.627666666667,1470.0,84.26,27152.627666666667,333847.542,3.5,1613.0
2022-10-01,297.863,298.612,3.08,27285.609,1440.0,87.55,27285.609,334003.265,3.6,1560.0
2022-11-01,298.648,298.332,3.78,27403.501666666667,1420.0,84.37,27403.501666666667,334139.362,3.6,1402.0
2022-12-01,298.812,297.628,4.1,27521.394333333334,1340.0,76.44,27521.394333333334,334272.537,3.5,1400.0
2023-01-01,300.356,297.43,4.33,27639.287,1361.0,78.12,27639.287,334380.31,3.4,1443.0
2023-02-01,301.509,297.73900000000003,4.57,27715.892666666667,1404.0,76.83,27715.892666666667,334485.366,3.6,1620.0
2023-03-01,301.744,298.796,4.65,27792.498333333333,1342.0,73.28,27792.498333333333,334601.838,3.5,1493.0
2023-04-01,303.032,300.262,4.83,27869.104,1368.0,79.45,27869.104,334726.454,3.4,1470.0
2023-05-01,303.365,302.48900000000003,5.06,28042.522333333334,1583.0,71.58,28042.522333333334,334858.431,3.7,1532.0
2023-06-01,304.003,304.343,5.08,28215.940666666665,1415.0,70.25,28215.940666666665,334999.421,3.6,1493.0
2023-07-01,304.628,306.451,5.12,28389.359,1473.0,76.07,28389.359,335160.938,3.5,1501.0
2023-08-01,306.187,308.83,5.33,28506.483333333334,1305.0,81.39,28506.483333333334,335335.663,3.8,1578.0
2023-09-01,307.288,310.894,5.33,28623.607666666667,1363.0,89.43,28623.607666666667,335526.109,3.8,1515.0
2023-10-01,307.531,312.756,5.33,28740.732,1365.0,85.64,28740.732,335697.18,3.8,1534.0
2023-11-01,308.024,313.632,5.33,28861.844666666668,1510.0,77.69,28861.844666666668,335848.798,3.7,1508.0
2023-12-01,308.742,314.443,5.33,28982.957333333332,1568.0,71.9,28982.957333333332,336000.763,3.7,1530.0
2024-01-01,309.685,315.728,5.33,29104.07,1376.0,74.15,29104.07,336139.132,3.7,1508.0
2024-02-01,311.054,317.257,5.33,29234.51,1546.0,77.25,29234.51,336249.709,3.9,1563.0
2024-03-01,312.23,318.217,5.33,29365.95,1299.0,81.28,29365.95,336361.391,3.8,1485.0
2024-04-01,313.207,319.048,5.33,29365.95,1377.0,85.35,29365.95,336484.613,3.9,1485.0
